id;name;status;company_id;last_modified;last_modified_by
1;Virtual;wireless bus Tools;56139;2023-06-12T01:02:39;Incredible
2;open-source;CFA;21915;2023-06-12T07:28:25;Configuration Granite Cloned
3;generate parsing Borders;Account Fully-configurable;5921;2023-06-11T20:55:54;hour channels Granite
4;User-friendly;Toys encompassing deposit;99928;2023-06-12T06:45:49;override bypassing
5;withdrawal;Computer;72318;2023-06-12T08:00:16;web-enabled 1080p Steel
6;azure;Licensed Borders Towels;17490;2023-06-12T00:44:56;asynchronous Card
7;encryption Wisconsin Dram;USB RAM online;15356;2023-06-11T13:42:59;leverage program Generic
8;Fundamental matrix Lithuania;Baby;86236;2023-06-12T09:26:38;New
9;Licensed national;Chair Tuna;3648;2023-06-11T15:58:30;Hong
10;Berkshire Ergonomic;cross-media hacking Tuna;92493;2023-06-11T19:39:52;Global
