id;telephone_no;nationality;marital_status;religion;employee_id;company_id;blood_group;date_of_birth;status;last_modified;last_modified_by
1;bypass;Infrastructure Alabama capacitor;multi-byte;Small;94677;1192;white hierarchy;2023-06-11;aggregate;2023-06-11T15:17:01;foreground back-end Strategist
2;Concrete;Sleek;Fantastic;Pound Internal Future;17290;8571;Loan Representative;2023-06-11;lime Plastic object-oriented;2023-06-12T06:12:18;lavender Market neural
3;Identity Implementation Global;Hampshire Dollar;full-range payment HDD;Nevada;20698;63900;National;2023-06-12;engineer;2023-06-11T20:20:47;Bedfordshire olive array
4;invoice Refined;Small Wooden Shirt;Plastic reinvent calculate;Investment;91137;59163;firewall improvement;2023-06-11;Account;2023-06-12T08:51:47;invoice Tuna
5;maroon strategic;deposit;system;Dakota Licensed Forint;37729;59787;Cape calculating executive;2023-06-11;Sleek;2023-06-12T07:17:20;blockchains Producer Sausages
6;multi-state navigate;Future visionary IB;Exclusive projection 24/365;Directives generate killer;7453;41298;paradigms Soft;2023-06-11;Keys Concrete Adaptive;2023-06-12T01:08:29;hack
7;Interactions Uruguay;Accounts Versatile Salad;Tools;dedicated Buckinghamshire;66628;37856;withdrawal;2023-06-11;Fresh Multi-lateral syndicate;2023-06-11T22:49:41;architectures
8;turquoise dynamic;Hat;teal monitor PNG;up Extended;70150;66049;Namibia navigate;2023-06-12;program Account;2023-06-12T00:57:00;Loan bus
9;payment Illinois IB;Kansas Account;composite copy;Burkina;89690;92748;plum;2023-06-11;generating knowledge payment;2023-06-11T12:22:24;Guarani
10;Loan;deposit;white client-server Denmark;calculate;41720;40361;deposit navigating Cuban;2023-06-11;SCSI Islands;2023-06-12T07:55:08;Georgia Pine
