id;job_title;company_name;start_date;end_date;address_id;employee_id;job_desc;status;company_id;last_modified;last_modified_by
1;Chief Tactics Developer;Usability;2023-06-11T18:37:51;2023-06-12T07:54:09;31779;63247;haptic Chips;leading-edge circuit Jewelery;90422;2023-06-12T05:53:21;front-end parsing Tennessee
2;Product Marketing Specialist;protocol microchip;2023-06-11T20:53:36;2023-06-11T11:00:55;59527;78830;Albania Mews silver;matrix Tools Delaware;11086;2023-06-12T09:15:42;Generic multi-byte
3;Dynamic Markets Analyst;solutions Keyboard Dollar;2023-06-11T11:20:43;2023-06-12T06:51:47;31463;37057;Implementation out-of-the-box;Optimization lime Colorado;16404;2023-06-12T02:27:55;Metal dynamic
4;International Accountability Orchestrator;strategize;2023-06-12T09:32:40;2023-06-11T10:28:51;39325;77872;expedite SMTP;scale Garden Georgia;1108;2023-06-11T19:01:04;payment indigo
5;Dynamic Research Liaison;Sports mission-critical Keyboard;2023-06-11T21:37:00;2023-06-12T01:36:26;15018;85887;bandwidth object-oriented;Practical Metal Wooden;59185;2023-06-11T22:28:07;array Usability
6;Corporate Integration Officer;Suriname Web Internal;2023-06-11T20:28:01;2023-06-11T13:26:32;54389;33949;compressing Program maximize;withdrawal Avon;50293;2023-06-11T22:29:06;deposit clicks-and-mortar internet
7;Principal Assurance Technician;Small Plastic Soft;2023-06-11T17:42:57;2023-06-11T19:11:44;15370;37792;silver Avon Innovative;EXE user-centric;61493;2023-06-11T21:29:17;Bedfordshire primary
8;Principal Interactions Facilitator;extranet Dollar Soft;2023-06-12T03:34:27;2023-06-12T00:26:06;62698;31337;transform;Directives;36255;2023-06-11T18:18:17;clear-thinking
9;Legacy Mobility Developer;of bandwidth;2023-06-11T19:58:30;2023-06-11T23:44:12;8277;52405;Utah;navigating moderator visualize;46154;2023-06-11T17:53:41;synthesizing
10;Internal Division Planner;definition multi-byte connecting;2023-06-11T23:56:37;2023-06-12T02:17:44;73771;88360;Tasty connecting card;orchid bypassing connecting;4596;2023-06-11T22:37:14;exuding Associate
